TEST - Neue SeKo Mitarbeiter 01.06.2025;Bundeskanzler;US-Präsidenten;SeKo-Hiwis;Spielführer der deutschen Fussballnationalmannschaft (Post WW2);Bachelor-Studiengänge an der RWTH (Grundfächer);Gewinner von Germanys Next Topmodel;Deutsche Parteien (Bundestagswahl 2025);Eurovision Song Contest Gewinner (Seit 2000);Oscar Best Picture;Fifa Weltfussballer;Harry Potter Charaktere;Pokémon der 1. Generation;Taylor Swift Alben (Ohne Taylors Version oder Livealben);Deutsche Bundesländer;Marvel Cinematic Universe - Avengers (Bis Endgame);Chemische Elemente;Disney Prinzessinnen;Olympische Sportarten (Paris 2024);Mitglieder der Ringgemeinschaft;Griechisches Alphabet;Super Smash Bros. Kämpfer (N64);Studio Ghibli Filme;Monopoly Spielfelder;Pokémon-Typen;James-Bond-Darsteller;Vereine der Handball-Bundesliga (24/25);Deutsche Automarken;SI-Basiseinheiten;Staaten mit deutscher Amtssprache;Vereine der Frauen Fussball-Bundesliga (24/25);Betriebssysteme;HTTP-Statuscodes;G20-Mitglieder;Bundeskabinett Minister;Vereine der Basketball-Bundesliga (24/25);Deutsche Literatur-Nobelpreisträger;Europäische Länder;Asiatische Länder;Afrikanische Länder;Amerikanische Länder
Christina Dormann;Konrad Adenauer;George Washington;Alicia Barancev (IT-SD);Kai Havertz;Angewandte Geographie;Lena Gercke;Sozialdemokratische Partei Deutschlands;Olsen Brothers - Fly on the Wings of Love (Dänemark 2000);Flügel aus Stahl (1929);Lothar Matthäus;Harry Potter;Bisasam;Taylor Swift;Schleswig-Holstein;Iron Man;Wasserstoff  ;Arielle;3x3 Basketball;Frodo Beutlin;Alpha (Α, α)  ;Mario  ;Nausicaä aus dem Tal der Winde (1984);Los;Normal  ;Sean Connery  ;1. VfL Potsdam  ;Audi  ;Meter (m) - Länge  ;Deutschland  ;1. FC Köln  ;Windows  ;100 Continue  ;Argentinien  ;Friedrich Merz (Bundeskanzler, CDU)  ;ALBA Berlin  ;Theodor Mommsen (1902)  ;Albanien;Afghanistan;Ägypten;Antigua und Barbuda
Mario Olk;Ludwig Erhard;John Adams;Anton von der Linde (WiPro);Leroy Sané;Angewandte Geowissenschaften;Barbara Meier;Christlich Demokratische Union Deutschlands;Tanel Padar, Dave Benton & 2XL - Everybody (Estland 2001);The Broadway Melody (1930);Marco van Basten;Ron Weasley;Bisaknosp;Fearless;Mecklenburg-Vorpommern;Captain America;Helium  ;Belle;7er-Rugby;Samweis Gamdschie;Beta (Β, β)  ;Donkey Kong  ;Das Schloss im Himmel (1986);Badstraße;Feuer  ;George Lazenby  ;Füchse Berlin  ;BMW  ;Kilogramm (kg) - Masse  ;Österreich  ;1899 Hoffenheim  ;Android  ;101 Switching Protocols  ;Australien  ;Lars Klingbeil (Finanzen, SPD)  ;BG Göttingen  ;Paul Heyse (1910)  ;Andorra;Armenien;Äquatorialguinea;Argentinien
;Kurt Georg Kiesinger;Thomas Jefferson;Ben Briesemeister (IT-SD);Marc-Andre ter Stegen;Architektur;Jennifer Hof;BÜNDNIS 90/DIE GRÜNEN;Marie N - I Wanna (Lettland 2002);Im Westen nichts Neues (1930);Roberto Baggio;Hermione Granger;Bisaflor;Speak Now;Hamburg;Thor;Lithium  ;Cinderella;Badminton;Meriadoc Brandybock;Gamma (Γ, γ)  ;Link  ;Mein Nachbar Totoro (1988);Gemeinschaftsfeld;Wasser  ;Roger Moore  ;Frisch Auf! Göppingen  ;Mercedes-Benz  ;Sekunde (s) - Zeit  ;Schweiz  ;Bayer 04 Leverkusen  ;macOS  ;102 Processing  ;Brasilien  ;Alexander Dobrindt (Inneres, CSU)  ;Brose Bamberg  ;Gerhart Hauptmann (1912)  ;Armenien;Aserbaidschan;Äthiopien;Bahamas
;Willy Brandt;James Madison;Cedric Hermens (WiPro);Marco Reus;Bauingenieurwesen;Sara Nuru;Freie Demokratische Partei;Sertab Erener - Everyway That I Can (Türkei 2003);Pioniere des wilden Westens (1931);Romário;Albus Dumbledore;Glumanda;Red;Bremen;Hulk;Beryllium  ;Jasmin;Baseball Softball;Peregrin Tuk;Delta (Δ, δ)  ;Samus  ;Die letzten Glühwürmchen (1988);Turmstraße;Pflanze  ;Timothy Dalton  ;HC Erlangen  ;Volkswagen  ;Ampere (A) - elektrische Stromstärke  ;Liechtenstein  ;Bayern München  ;iOS  ;103 Early Hints;China  ;Johann Wadephul (Auswärtiges, CDU)  ;EWE Baskets Oldenburg  ;Thomas Mann (1929)  ;Aserbaidschan;Bahrain;Algerien;Barbados
;Walter Scheel;James Monroe;Elina Alkiviadou (IT-SD);Antonio Rüdiger;Bautechnik;Alisar Ailabouni;Alternative für Deutschland;Ruslana - Wild Dances (Ukraine 2004);Menschen im Hotel (1932);George Weah;Rubeus Hagrid;Glutexo;1989;Niedersachsen;Black Widow;Bor  ;Merida;Basketball;Gandalf;Epsilon (Ε, ε)  ;Yoshi  ;Kikis kleiner Lieferservice (1989);Einkommensteuer;Elektro  ;Pierce Brosnan  ;HSG Wetzlar  ;Opel  ;Kelvin (K) - thermodynamische Temperatur  ;Luxemburg  ;Eintracht Frankfurt  ;Ubuntu  ;200 OK  ;Deutschland  ;Boris Pistorius (Verteidigung, SPD)  ;FC Bayern München  ;Hermann Hesse (1946)  ;Belgien;Bangladesch;Angola;Belize
;Helmut Schmidt;John Quincy Adams;Evita Obiesie (IT-SD);Emre Can;Betriebswirtschaftslehre/Business Administration;Jana Beller;Christlich-Soziale Union in Bayern e.V.;Helena Paparizou - My Number One (Griechenland 2005);Kavalkade (1934);Ronaldo;Severus Snape;Glurak;Reputation;Brandenburg;Hawkeye;Kohlenstoff  ;Mulan;Beachvolleyball;Aragorn;Zeta (Ζ, ζ)  ;Kirby  ;Tränen der Erinnerung – Only Yesterday (1991);Südbahnhof;Eis  ;Daniel Craig;HSV Hamburg  ;Porsche  ;Mol (mol) - Stoffmenge  ;Belgien;FC Carl Zeiss Jena  ;Debian  ;201 Created  ;Frankreich  ;Katherina Reiche (Wirtschaft und Energie, CDU)  ;Fraport Skyliners Frankfurt  ;Nelly Sachs (1966, gemeinsam mit Shmuel Yosef Agnon)  ;Bosnien und Herzegowina;Bhutan;Benin;Bolivien
;Helmut Kohl;Andrew Jackson;Felix Zuber (IT-SD);Ilkay Gündogan;Biologie;Luisa Hartema;Die Linke;Lordi - Hard Rock Hallelujah (Finnland 2006);Es geschah in einer Nacht (1935);Zinedine Zidane;Voldemort;Schiggy;Lover;Sachsen-Anhalt;Falcon;Stickstoff  ;Pocahontas;Bogenschießen;Legolas;Eta (Η, η)  ;Fox  ;Porco Rosso (1992);Chausseestraße;Kampf  ;;MT Melsungen  ;Smart  ;Candela (cd) - Lichtstärke;;RB Leipzig  ;Windows Server  ;202 Accepted  ;Indien  ;Dorothee Bär (Forschung, Technologie und Raumfahrt, CSU)  ;Hamburg Towers  ;Heinrich Böll (1972)  ;Bulgarien;Brunei;Botsuana;Brasilien
;Gerhard Schröder;Martin Van Buren;Hania Eid (IT-SD);Shkodran Mustafi;Chemie;Lovelyn Enebechi;FREIE WÄHLER;Marija Šerifović - Molitva (Serbien 2007);Meuterei auf der Bounty (1936);Rivaldo;Sirius Black;Schillok;Folklore;Berlin;War Machine;Sauerstoff  ;Rapunzel;Boxen;Gimli;Theta (Θ, θ)  ;Pikachu  ;Flüstern des Meeres – Ocean Waves (1993);Ereignisfeld;Gift  ;;Rhein-Neckar Löwen  ;Maybach  ;;;SC Freiburg  ;Red Hat Enterprise Linux (RHEL)  ;203 Non-Authoritative Information  ;Indonesien  ;Stefanie Hubig (Justiz und Verbraucherschutz, SPD)  ;MHP Riesen Ludwigsburg  ;Günter Grass (1999)  ;Dänemark;China;Burkina Faso;Chile
;Angela Merkel;William Henry Harrison;Israel Nzau (IT-SD);Benedikt Höwedes;Computational Engineering Science;Stefanie Giesinger;PARTEI MENSCH UMWELT TIERSCHUTZ (Tierschutzpartei);Dima Bilan - Believe (Russland 2008);Der große Ziegfeld (1937);Luis Figo;Draco Malfoy;Turtok;Evermore;Nordrhein-Westfalen;Scarlet Witch;Fluor  ;Schneewittchen;Breaking;Boromir;Iota (Ι, ι)  ;Luigi  ;Pom Poko (1994);Elisenstraße;Boden  ;;SC DHfK Leipzig  ;MAN  ;;;SGS Essen  ;CentOS  ;204 No Content  ;Italien  ;Karin Prien (Bildung, Familie, Senioren, Frauen und Jugend, CDU)  ;MLP Academics Heidelberg  ;Herta Müller (2009);Deutschland;Georgien;Burundi;Costa Rica
;Olaf Scholz;John Tyler;Kai Salinger (IT-SD);Thomas Müller;Computer Engineering;Vanessa Fuchs;Basisdemokratische Partei Deutschland;Alexander Rybak - Fairytale (Norwegen 2009);Das Leben des Emile Zola (1938);Ronaldinho;Fred Weasley;Raupy;Midnights;Sachsen;Vision;Neon  ;Tiana;Cricket;;Kappa (Κ, κ)  ;Captain Falcon  ;Stimme des Herzens – Whisper of the Heart (1995);Poststraße;Flug  ;;SC Magdeburg  ;Borgward  ;;;TSG Hoffenheim  ;Fedora  ;205 Reset Content  ;Japan  ;Bärbel Bas (Arbeit und Soziales, SPD)  ;NINERS Chemnitz  ;;Estland;Indien;Cabo Verde (Kap Verde);Dominica
;;James K. Polk;Katharina Ludwig (IT-SD);Mats Hummels;Deutsch;Kim Hnizdo;Partei für Arbeit, Rechtsstaat, Tierschutz, Elitenförderung und basisdemokratische Initiative (Die Partei);Lena - Satellite (Deutschland 2010);Lebenskünstler (1939);Fabio Cannavaro;Remus Lupin;Safcon;The Tortured Poets Department;Thüringen;Spider-Man;Natrium  ;Vaiana;Fechten;;Lambda (Λ, λ)  ;Ness  ;Prinzessin Mononoke (1997);Gefängnis / Nur zu Besuch;Psycho  ;;SG BBM Bietigheim  ;Wiesmann  ;;;Turbine Potsdam  ;Chrome OS  ;206 Partial Content  ;Kanada  ;Karsten Wildberger (Digitales und Staatsmodernisierung, CDU)  ;Ratiopharm Ulm  ;;Finnland;Indonesien;Dschibuti;Dominikanische Republik
;;Zachary Taylor;Lion Hovestadt (IT-SD);Mesut Özil;Elektrotechnik;Céline Bethmann;Die Gerechtigkeitspartei – Team Todenhöfer;Ell & Nikki - Running Scared (Aserbaidschan 2011);Vom Winde verweht (1940);Kaká;George Weasley;Smettbo;;Hessen;Doctor Strange;Magnesium  ;Aurora;Flag Football;;Mu (Μ, μ)  ;Pummeluff;Meine Nachbarn die Yamadas (1999);Seestraße;Käfer  ;;SG Flensburg-Handewitt  ;Gumpert  ;;;VfL Wolfsburg  ;Linux Mint  ;207 Multi-Status  ;Mexiko  ;Patrick Schnieder (Verkehr, CDU)  ;Rostock Seawolves  ;;Frankreich;Irak;Elfenbeinküste;Ecuador
;;Millard Fillmore;Malak Mostafa (IT-SD);Toni Kroos;Energietechnik;Toni Dreher-Adenuga;Piratenpartei Deutschland;Loreen - Euphoria (Schweden 2012);Rebecca (1941);Cristiano Ronaldo;Neville Longbottom;Hornliu;;Rheinland-Pfalz;Black Panther;Aluminium  ;Raya;Fußball;;Nu (Ν, ν)  ;;Chihiros Reise ins Zauberland (2001);Elektrizitätswerk;Gestein  ;;TBV Lemgo Lippe  ;Trabant  ;;;Werder Bremen;openSUSE  ;208 Already Reported  ;Russland  ;Carsten Schneider (Umwelt, Klimaschutz, Naturschutz und nukleare Sicherheit, SPD)  ;SC RASTA Vechta  ;;Georgien;Iran;Eritrea;El Salvador
;;Franklin Pierce;Marc Weerts (IT-SD);Manuel Neuer;Englisch;Simone Kowalski;Volt Deutschland;Emmelie de Forest - Only Teardrops (Dänemark 2013);Schlagende Wetter (1942);Lionel Messi;Arthur Weasley;Kokuna;;Saarland;Ant-Man;Silicium  ;;Gerätturnen;;Xi (Ξ, ξ)  ;;Das Königreich der Katzen (2002);Hafenstraße;Geist  ;;THW Kiel  ;NSU  ;;;;Oracle Linux  ;226 IM Used;Saudi-Arabien  ;Nina Warken (Gesundheit, CDU)  ;SYNTAINICS MBC  ;;Griechenland;Israel;Eswatini;Grenada
;;James Buchanan;Marvin Delhaes (Marie);Julian Draxler;Fahrzeugtechnik;Jacky Wruck;Ökologisch-Demokratische Partei;Conchita Wurst - Rise Like a Phoenix (Österreich 2014);Mrs. Miniver (1943);Luka Modric;Ginny Weasley;Bibor;;Bayern;Wasp;Phosphor  ;;Gewichtheben;;Omikron (Ο, ο)  ;;Das wandelnde Schloss (2004);Neue Straße;Drache  ;;TSV Hannover-Burgdorf  ;Auto Union  ;;;;Rocky Linux  ;300 Multiple Choices  ;Südafrika  ;Alois Rainer (Landwirtschaft, Ernährung und Heimat, CSU)  ;Telekom Baskets Bonn  ;;Irland;Japan;Gabun;Guatemala
;;Abraham Lincoln;Masimba Koschke (IT-SD);Sami Khedira;Fertigungstechnik;Alex Mariah Peter;Südschleswigscher Wählerverband;Måns Zelmerlöw - Heroes (Schweden 2015);Casablanca (1944);Robert Lewandowski;Minerva McGonagall;Taubsi;;Baden-Wüttemberg;Captain Marvel;Schwefel  ;;Golf;;Pi (Π, π)  ;;Die Chroniken von Erdsee (2006);Westbahnhof;Unlicht  ;;TVB 1898 Stuttgart  ;DKW  ;;;;AlmaLinux  ;301 Moved Permanently  ;Südkorea  ;Reem Alabali-Radovan (Wirtschaftliche Zusammenarbeit und Entwicklung, SPD)  ;Veolia Towers Hamburg  ;;Island;Jemen;Gambia;Guyana
;;Andrew Johnson;Mohammadmasih Motaharifar (IT-SD);Jerome Boateng;Georessourcenmanagement;Lou-Anne Gleißenebner-Teskey;Partei für Verjüngungsforschung;Jamala - 1944 (Ukraine 2016);Der Weg zum Glück (1945);Karim Benzema;Molly Weasley;Tauboga;;;Nebula;Chlor  ;;Handball;;Rho (Ρ, ρ)  ;;Ponyo – Das große Abenteuer am Meer (2008);Münchner Straße;Stahl  ;;ThSV Eisenach  ;Wanderer  ;;;;Arch Linux  ;302 Found  ;Türkei  ;Verena Hubertz (Wohnen, Stadtentwicklung und Bauwesen, SPD)  ;Würzburg Baskets;;Italien;Jordanien;Ghana;Haiti
;;Ulysses Grant;Patrick Wilhelm (WiPro);Mario Gomez;Geschichte;Vivien Blotzki;Partei der Humanisten;Salvador Sobral - Amar pelos dois (Portugal 2017);Das verlorene Wochenende (1945);Vinicius Junior;Dolores Umbridge;Tauboss;;;Okoye;Argon  ;;Hockey;;Sigma (Σ, σ)  ;;Arrietty – Die wundersame Welt der Borger (2010);Wiener Straße;Fee;;VfL Gummersbach;Horch  ;;;;Manjaro  ;303 See Other  ;Vereinigtes Königreich  ;Thorsten Frei (Kanzleramt, besondere Aufgaben, CDU);;;Kasachstan;Kambodscha;Guinea;Honduras
;;Rutherford Hayes;Paul Schweizer (IT-SD);Heiko Westermann;Geschichtswissenschaft;Lea und Jermaine;Bündnis C - Christen für Deutschland;Netta - Toy (Israel 2018);Die besten Jahre unseres Lebens (1946);;Alastor 'Mad-Eye' Moody;Rattfratz;;;Rocket Raccoon;Kalium  ;;Judo;;Tau (Τ, τ)  ;;Der Mohnblumenberg (2011);Berliner Straße;;;;Setra  ;;;;Pop!_OS  ;304 Not Modified  ;Vereinigte Staaten  ;;;;Kosovo;Kasachstan;Guinea-Bissau;Jamaika
;;James Garfield;Rushanth Rasaratnam (IT-SD);Serdar Tasci;Gesellschaftswissenschaften;;Bayernpartei;Duncan Laurence - Arcade (Niederlande 2019);Tabu der Gerechten  (1948);;Vernon Dursley;Rattikarl;;;Groot;Calcium  ;;Kanu-Rennsport;;Ypsilon (Υ, υ)  ;;Wie der Wind sich hebt (2013);Frei Parken;;;;Neoplan  ;;;;Kali Linux  ;305 Use Proxy  ;Europäische Union;;;;Kroatien;Katar;Kamerun;Kanada
;;Chester Arthur;♥ Simon Krämer (IT-Administration) ♥;Per Mertesacker;Grundschullehramt;;Marxistisch-Leninistische Partei Deutschlands;Måneskin - Zitti e buoni (Italien 2021);Hamlet (1949);;Cornelius Fudge;Habitak;;;Mantis;Scandium  ;;Kanu-Slalom;;Phi (Φ, φ)  ;;Die Legende der Prinzessin Kaguya (2013);Theaterstraße;;;;Bitter  ;;;;Ubuntu Server  ;307 Temporary Redirect  ;;;;;Lettland;Kirgisistan;Kenia;Kolumbien
;;Grover Cleveland;Tom Heinrichs (WiPro);Lukas Podolski;Hebammenwissenschaft;;Menschliche Welt;Kalush Orchestra - Stefania (Ukraine 2022);Der Mann, der herrschen wollte (1950);;Peter Pettigrew;Ibitak;;;Star-Lord;Titan  ;;Karate;;Chi (Χ, χ)  ;;Erinnerungen an Marnie (2014);Museumstraße;;;;Melkus  ;;;;VMware ESXi  ;308 Permanent Redirect;;;;;Liechtenstein;Kuwait;Komoren;Kuba
;;Benjamin Harrison;;Bastian Schweinsteiger;Hochbautechnik;;Partei des Fortschritts;Loreen - Tattoo (Schweden 2023);Alles über Eva (1951);;Dobby;Rettan;;;Drax;Vanadium  ;;Lacrosse;;Psi (Ψ, ψ)  ;;Die rote Schildkröte (2016);Opernplatz;;;;Artega  ;;;;Proxmox VE  ;400 Bad Request  ;;;;;Litauen;Laos;Kongo (Demokratische Republik);Mexiko
;;Grover Cleveland;;Jens Lehmann;Holztechnik;;Sozialistische Gleichheitspartei, Vierte Internationale;Nemo - The Code (Schweiz 2024);Ein Amerikaner in Paris (1952);;Dudley Dursley;Arbok;;;Gamora;Chrom  ;;Leichtathletik;;Omega (Ω, ω);;Aya und die Hexe (2020);Nordbahnhof;;;;Isdera  ;;;;FreeBSD  ;401 Unauthorized  ;;;;;Luxemburg;Libanon;Kongo (Republik);Nicaragua
;;William McKinley;;Miroslav Klose;Informatik;;Bürgerrechtsbewegung Solidarität;;Die größte Schau der Welt  (1953);;Horace Slughorn;Pikachu;;;Bucky Barnes;Mangan  ;;Marathonschwimmen;;;;Der Junge und der Reiher (2023);Lessingstraße;;;;Zender  ;;;;OpenWrt  ;402 Payment Required  ;;;;;Malta;Malaysia;Lesotho;Panama
;;Theodore Roosevelt;;Philipp Lahm;Kath. Religionslehre;;BÜNDNIS DEUTSCHLAND;;Verdammt in alle Ewigkeit (1954);;Percy Weasley;Raichu;;;;Eisen  ;;Moderner Fünfkampf;;;;;Schillerstraße;;;;Ruf  ;;;;pfSense  ;403 Forbidden  ;;;;;Moldau;Malediven;Liberia;Paraguay
;;William Taft;;Thomas Hitzlsperger;Logopädie;;Bündnis Sahra Wagenknecht - Vernunft und Gerechtigkeit;;Die Faust im Nacken (1955);;Luna Lovegood;Sandan;;;;Cobalt  ;;Radsport - BMX Freestyle;;;;;Wasserwerk;;;;Brabus  ;;;;OpenBSD  ;404 Not Found  ;;;;;Monaco;Mongolei;Libyen;Peru
;;Woodrow Wilson;;Kevin Kuranyi;Maschinenbau;;MERA25 - Gemeinsam für Europäische Unabhängigkeit;;Marty (1956);;Cedric Diggory;Sandamer;;;;Nickel  ;;Radsport - BMX Race;;;;;Goethestraße;;;;Alpina  ;;;;Raspberry Pi OS  ;405 Method Not Allowed  ;;;;;Montenegro;Myanmar;Madagaskar;Saint Kitts und Nevis
;;Warren Harding;;Christoph Metzelder;Maschinenbautechnik;;WerteUnion;;In 80 Tagen um die Welt (1957);;Petunia Dursley;Nidoran;;;;Kupfer  ;;Radsport - Mountainbike;;;;;Geh ins Gefängnis;;;;ABT  ;;;;Tizen  ;406 Not Acceptable  ;;;;;Niederlande;Nepal;Malawi;Saint Lucia
;;Calvin Coolidge;;Tim Borowski;Materialwissenschaften;;;;Die Brücke am Kwai (1958);;Kreacher;Nidorina;;;;Zink  ;;Radsport - Straße;;;;;Rathausplatz;;;;Glas  ;;;;Zorin OS  ;407 Proxy Authentication Required  ;;;;;Nordmazedonien;Nordkorea;Mali;Saint Vincent und die Grenadinen
;;Herbert Hoover;;Bernd Schneider;Mathematik;;;;Gigi (1959);;Bill Weasley;Nidoqueen;;;;Gallium  ;;Radsport-Bahnradrennen;;;;;Hauptstraße;;;;Lloyd  ;;;;Qubes OS  ;408 Request Timeout  ;;;;;Norwegen;Oman;Marokko;Suriname
;;Franklin Roosevelt;;Torsten Frings;Mensch-Technik-Interaktion und -Kommunikation;;;;Ben Hur (1960);;Barty Crouch Sr.;Nidoran;;;;Germanium  ;;Reiten;;;;;Bahnhofstraße;;;;Goliath  ;;;;LineageOS  ;409 Conflict  ;;;;;Österreich;Pakistan;Mauretanien;Trinidad und Tobago
;;Harry Truman;;Arne Friedrich;Molekulare und Angewandte Biotechnologie;;;;Das Appartement (1961);;Argus Filch;Nidorino;;;;Arsen  ;;Rhythmische Sportgymnastik;;;;;Hauptbahnhof;;;;Hanomag  ;;;;GrapheneOS  ;410 Gone  ;;;;;Polen;Philippinen;Mauritius;Uruguay
;;Dwight Eisenhower;;Michael Ballack;Nachhaltige Rohstoff- und Energieversorgung;;;;West Side Story (1962);;Viktor Krum;Nidoking;;;;Selen  ;;Ringen;;;;;Parkstraße;;;;Hansa  ;;;;HarmonyOS  ;411 Length Required  ;;;;;Portugal;Saudi-Arabien;Mosambik;USA
;;John Kennedy;;Jens Jeremies;Nachhaltige Werkstofftechnik;;;;Lawrence von Arabien (1963);;Gilderoy Lockhart;Piepi;;;;Brom  ;;Rudern;;;;;Zusatzsteuer;;;;Messerschmitt  ;;;;Fire OS  ;412 Precondition Failed  ;;;;;Rumänien;Singapur;Namibia;Venezuela
;;Lyndon Johnson;;Dietmar Hamann;Nachrichtentechnik;;;;Tom Jones (1964);;Sybill Trelawney;Pixi;;;;Krypton  ;;Schießen;;;;;Schlossallee;;;;Tempo  ;;;;/ e / (eFoundation)  ;413 Payload Too Large  ;;;;;Russland;Südkorea;Niger;
;;Richard Nixon;;Christian Ziege;Philosophie, Literatur- und Sprachwissenschaft;;;;My Fair Lady (1965);;Fleur Delacour;Vulpix;;;;Rubidium  ;;Schwimmen;;;;;;;;;E-Go  ;;;;KaiOS  ;414 URI Too Long  ;;;;;San Marino;Syrien;Nigeria;
;;Gerald Ford;;Jens Nowotny;Physik;;;;Meine Lieder - Meine Träume (1966);;Lucius Malfoy;Vulnona;;;;Strontium  ;;Segeln;;;;;;;;;Sono Motors  ;;;;SUSE Linux Enterprise Server (SLES)  ;415 Unsupported Media Type  ;;;;;Schweden;Sri Lanka;Ruanda;
;;Jimmy Carter;;Oli Kahn;Politik;;;;Ein Mann zu jeder Jahreszeit (1967);;Ludo Bagman;Pummeluff;;;;Yttrium  ;;Skateboard;;;;;;;;;Next.e.Go Mobile  ;;;;Debian Server  ;416 Range Not Satisfiable  ;;;;;Schweiz;Tadschikistan;Sambia;
;;Ronald Reagan;;Christian Wörns;Psychologie;;;;In der Hitze der Nacht (1968);;Nymphadora Tonks;Knuddeluff;;;;Zirkonium  ;;Sportklettern;;;;;;;;;ElectricBrands (XBus)  ;;;;SmartOS  ;417 Expectation Failed  ;;;;;Serbien;Taiwan;São Tomé und Príncipe;
;;George Bush;;Oliver Bierhoff;Soziologie;;;;Oliver! (1969);;Gregory Goyle;Zubat;;;;Niob  ;;Squash;;;;;;;;;ACM (Adaptive City Mobility)  ;;;;XenServer  ;418 I'm a teapot  ;;;;;Slowakei;Thailand;Senegal;
;;Bill Clinton;;Ulf Kirsten;Sprach- und Kommunikationswissenschaft;;;;Asphalt-Cowboy (1970);;Vincent Crabbe;Golbat;;;;Molybdän  ;;Surfen;;;;;;;;;Micro Mobility Systems (Microlino, DE-Partnerfertigung);;;;ReactOS  ;421 Misdirected Request  ;;;;;Slowenien;Timor-Leste (Osttimor);Seychellen;
;;George W. Bush;;Andi Mäller;Technik;;;;Patton – Rebell in Uniform (1971);;Bellatrix Lestrange;Myrapla;;;;Technetium  ;;Synchronschwimmen;;;;;;;;;;;;;Ubuntu Touch  ;422 Unprocessable Entity  ;;;;;Spanien;Türkei;Sierra Leone;
;;Barack Obama;;Thomas Häßler;Technische Informatik;;;;Brennpunkt Brooklyn (1972);;Cho Chang;Duflor;;;;Ruthenium  ;;Taekwondo;;;;;;;;;;;;;Replicant  ;423 Locked  ;;;;;Tschechien;Turkmenistan;Simbabwe;
;;Donald Trump;;Jürgen Klinsmann;Textiltechnik;;;;Der Pate (1973);;Dean Thomas;Giflor;;;;Rhodium  ;;Tennis;;;;;;;;;;;;;Sailfish OS  ;424 Failed Dependency  ;;;;;Ukraine;Usbekistan;Somalia;
;;Joe Biden;;Jürgen Köhler;Tiefbautechnik;;;;Der Clou (1974);;Oliver Wood;Paras;;;;Palladium  ;;Tischtennis;;;;;;;;;;;;;Haiku  ;425 Too Early  ;;;;;Ungarn;Vereinigte Arabische Emirate;Südafrika;
;;;;Guido Buchwald;Umweltingenieurwissenschaften;;;;Der Pate II (1975);;Hedwig;Parasek;;;;Silber  ;;Trampolinturnen;;;;;;;;;;;;;FreeRTOS  ;426 Upgrade Required  ;;;;;Vatikanstadt;Vietnam;Südsudan;
;;;;Andi Brehme;Verkehrsingenieurwesen und Mobilität;;;;Einer flog über das Kuckucksnest (1976);;James Potter;Bluzuk;;;;Cadmium  ;;Triathlon;;;;;;;;;;;;;VxWorks  ;428 Precondition Required  ;;;;;Vereinigtes Königreich;Zypern;Sudan;
;;;;Thomas Berthold;Vermessungstechnik;;;;Rocky (1977);;Rita Skeeter;Omot;;;;Indium  ;;Volleyball;;;;;;;;;;;;;Contiki  ;429 Too Many Requests  ;;;;;Weißrussland;;Tansania;
;;;;Pierre Littbarski;Versorgungstechnik;;;;Der Stadtneurotiker (1978);;Seamus Finnigan;Digda;;;;Zinn  ;;Wasserball;;;;;;;;;;;;;RIOT OS  ;431 Request Header Fields Too Large  ;;;;;Zypern;;Togo;
;;;;Rudi Völler;Wirtschaftsingenieurwesen;;;;Die durch die Hölle gehen (1979);;Igor Karkaroff;Digdri;;;;Antimon  ;;Wasserspringen;;;;;;;;;;;;;TinyOS  ;451 Unavailable For Legal Reasons;;;;;;;Tschad;
;;;;Lothar Matthäus;Wirtschaftslehre;;;;Kramer gegen Kramer (1980);;Peeves;Mauzi;;;;Tellur  ;;;;;;;;;;;;;;;BeOS  ;500 Internal Server Error  ;;;;;;;Tunesien;
;;;;Klaus Allofs;Wirtschaftsmathematik;;;;Eine ganz normale Familie (1981);;Winky;Snobilikat;;;;Iod  ;;;;;;;;;;;;;;;AmigaOS  ;501 Not Implemented  ;;;;;;;Uganda;
;;;;Hans-Peter Briegel;Wirtschaftswissenschaft Lehramt an Berufskollegs;;;;Die Stunde des Siegers (1982);;Crookshanks;Enton;;;;Xenon  ;;;;;;;;;;;;;;;MS-DOS  ;502 Bad Gateway  ;;;;;;;Zentralafrikanische Republik;
;;;;Felix Magath;;;;;Gandhi (1983);;Poppy Pomfrey;Entoron;;;;Cäsium  ;;;;;;;;;;;;;;;DOS  ;503 Service Unavailable  ;;;;;;;;
;;;;Toni Schumacher;;;;;Zeit der Zärtlichkeit (1984);;Rufus Scrimgeour;Menki;;;;Barium  ;;;;;;;;;;;;;;;MINIX  ;504 Gateway Timeout  ;;;;;;;;
;;;;Karlheinz Förster;;;;;Amadeus (1985);;Mundungus Fletcher;Rasaff;;;;Lanthan  ;;;;;;;;;;;;;;;MorphOS  ;505 HTTP Version Not Supported  ;;;;;;;;
;;;;Manni Kaltz;;;;;Jenseits von Afrika (1986);;Lavender Brown;Fukano;;;;Cer  ;;;;;;;;;;;;;;;Slackware  ;506 Variant Also Negotiates  ;;;;;;;;
;;;;Klaus Fischer;;;;;Platoon (1987);;Griphook;Arkani;;;;Praseodym  ;;;;;;;;;;;;;;;TrueNAS CORE;507 Insufficient Storage  ;;;;;;;;
;;;;Karl-Heinz Rummenigge;;;;;Der letzte Kaiser (1988);;Filius Flitwick;Quapsel;;;;Neodym  ;;;;;;;;;;;;;;;;508 Loop Detected  ;;;;;;;;
;;;;Bernhard Cullmann;;;;;Rain Man (1989);;Buckbeak;Quaputzi;;;;Promethium  ;;;;;;;;;;;;;;;;510 Not Extended  ;;;;;;;;
;;;;Bernard Dietz;;;;;Miss Daisy und ihr Chauffeur (1990);;Angelina Johnson;Quappo;;;;Samarium  ;;;;;;;;;;;;;;;;511 Network Authentication Required;;;;;;;;
;;;;Sepp Maier;;;;;Der mit dem Wolf tanzt (1991);;Parvati Patil;Abra;;;;Europium  ;;;;;;;;;;;;;;;;;;;;;;;;
;;;;Berti Vogts;;;;;Das Schweigen der Lämmer (1992);;Lily Potter;Kadabra;;;;Gadolinium  ;;;;;;;;;;;;;;;;;;;;;;;;
;;;;Franz Beckenbauer;;;;;Erbarmungslos (1993);;Xenophilius Lovegood;Simsala;;;;Terbium  ;;;;;;;;;;;;;;;;;;;;;;;;
;;;;Wolfang Overath;;;;;Schindlers Liste (1994);;Nearly Headless Nick;Machollo;;;;Dysprosium  ;;;;;;;;;;;;;;;;;;;;;;;;
;;;;Horst Szymaniak;;;;;Forrest Gump (1995);;Quirinus Quirrell;Maschock;;;;Holmium  ;;;;;;;;;;;;;;;;;;;;;;;;
;;;;Hans Tilkowski;;;;;Braveheart (1996);;Moaning Myrtle;Machomei;;;;Erbium  ;;;;;;;;;;;;;;;;;;;;;;;;
;;;;Willi Schulz;;;;;Der englische Patient (1997);;Garrick Ollivander;Knofensa;;;;Thulium  ;;;;;;;;;;;;;;;;;;;;;;;;
;;;;Rudi Brunnenmeier;;;;;Titanic (1998);;Katie Bell;Ultrigaria;;;;Ytterbium  ;;;;;;;;;;;;;;;;;;;;;;;;
;;;;Aki Schmidt;;;;;Shakespeare in Love (1999);;Olympe Maxime;Sarzenia;;;;Lutetium  ;;;;;;;;;;;;;;;;;;;;;;;;
;;;;Uwe Seeler;;;;;American Beauty (2000);;Charlie Weasley;Tentacha;;;;Hafnium  ;;;;;;;;;;;;;;;;;;;;;;;;
;;;;Herbert Erhardt;;;;;Gladiator (2001);;Lee Jordan;Tentoxa;;;;Tantal  ;;;;;;;;;;;;;;;;;;;;;;;;
;;;;Helmut Rahn;;;;;A Beautiful Mind – Genie und Wahnsinn (2002);;Kingsley Shacklebolt;Kleinstein;;;;Wolfram  ;;;;;;;;;;;;;;;;;;;;;;;;
;;;;Hans Schäfer;;;;;Chicago (2003);;Fang;Georok;;;;Rhenium  ;;;;;;;;;;;;;;;;;;;;;;;;
;;;;Erich Juskowiak;;;;;Der Herr der Ringe: Die Rückkehr des Königs (2004);;Fenrir Greyback;Geowaz;;;;Osmium  ;;;;;;;;;;;;;;;;;;;;;;;;
;;;;Max Morlock;;;;;Million Dollar Baby (2005);;Ernie Macmillan;Ponita;;;;Iridium  ;;;;;;;;;;;;;;;;;;;;;;;;
;;;;Alfred Pfaff;;;;;L.A. Crash (2006);;Pomona Sprout;Gallopa;;;;Platin  ;;;;;;;;;;;;;;;;;;;;;;;;
;;;;Josef Röhrig;;;;;Departed – Unter Feinden (2007);;Phineas Nigellus Black;Flegmon;;;;Gold  ;;;;;;;;;;;;;;;;;;;;;;;;
;;;;Jakob Streitle;;;;;No Country for Old Men (2008);;Narcissa Malfoy;Lahmus;;;;Quecksilber  ;;;;;;;;;;;;;;;;;;;;;;;;
;;;;Josef Posipal;;;;;Slumdog Millionär (2009);;Stan Shunpike;Magnetilo;;;;Thallium  ;;;;;;;;;;;;;;;;;;;;;;;;
;;;;Fritz Walter;;;;;Tödliches Kommando – The Hurt Locker (2010);;Aberforth Dumbledore;Magneton;;;;Blei  ;;;;;;;;;;;;;;;;;;;;;;;;
;;;;Andi Kupfer;;;;;The King's Speech (2011);;Bathilda Bagshot;Porenta;;;;Bismut  ;;;;;;;;;;;;;;;;;;;;;;;;
;;;;;;;;;The Artist (2012);;Colin Creevey;Dodu;;;;Polonium  ;;;;;;;;;;;;;;;;;;;;;;;;
;;;;;;;;;Argo (2013);;Amos Diggory;Dodri;;;;Astat  ;;;;;;;;;;;;;;;;;;;;;;;;
;;;;;;;;;12 Years a Slave (2014);;Firenze;Jurob;;;;Radon  ;;;;;;;;;;;;;;;;;;;;;;;;
;;;;;;;;;Birdman oder (Die unverhoffte Macht der Ahnungslosigkeit) (2015);;Grawp;Jugong;;;;Francium  ;;;;;;;;;;;;;;;;;;;;;;;;
;;;;;;;;;Spotlight (2016);;Marge Dursley;Sleima;;;;Radium  ;;;;;;;;;;;;;;;;;;;;;;;;
;;;;;;;;;Moonlight (2017);;Cormac McLaggen;Sleimok;;;;Actinium  ;;;;;;;;;;;;;;;;;;;;;;;;
;;;;;;;;;Shape of Water – Das Flüstern des Wassers (2018);;Gellert Grindelwald;Muschas;;;;Thorium  ;;;;;;;;;;;;;;;;;;;;;;;;
;;;;;;;;;Green Book – Eine besondere Freundschaft (2019);;Fat Lady;Austos;;;;Protactinium  ;;;;;;;;;;;;;;;;;;;;;;;;
;;;;;;;;;Parasite (2020);;Salazar Slytherin;Nebulak;;;;Uran  ;;;;;;;;;;;;;;;;;;;;;;;;
;;;;;;;;;Nomadland (2021);;Bob Ogden;Alpollo;;;;Neptunium  ;;;;;;;;;;;;;;;;;;;;;;;;
;;;;;;;;;Coda (2022);;Pansy Parkinson;Gengar;;;;Plutonium  ;;;;;;;;;;;;;;;;;;;;;;;;
;;;;;;;;;Everything Everywhere All at Once (2023);;Marvolo Gaunt;Onix;;;;Americium  ;;;;;;;;;;;;;;;;;;;;;;;;
;;;;;;;;;Oppenheimer (2024);;Fawkes;Traumato;;;;Curium  ;;;;;;;;;;;;;;;;;;;;;;;;
;;;;;;;;;Anora (2025);;Frank Bryce;Hypno;;;;Berkelium  ;;;;;;;;;;;;;;;;;;;;;;;;
;;;;;;;;;;;Morfin Gaunt;Krabby;;;;Californium  ;;;;;;;;;;;;;;;;;;;;;;;;
;;;;;;;;;;;Godric Gryffindor;Kingler;;;;Einsteinium  ;;;;;;;;;;;;;;;;;;;;;;;;
;;;;;;;;;;;Elphias Doge;Voltobal;;;;Fermium  ;;;;;;;;;;;;;;;;;;;;;;;;
;;;;;;;;;;;Pigwidgeon;Lektrobal;;;;Mendelevium  ;;;;;;;;;;;;;;;;;;;;;;;;
;;;;;;;;;;;Mrs. Norris;Owei;;;;Nobelium  ;;;;;;;;;;;;;;;;;;;;;;;;
;;;;;;;;;;;Alicia Spinnet;Kokowei;;;;Lawrencium  ;;;;;;;;;;;;;;;;;;;;;;;;
;;;;;;;;;;;Wilhelmina Grubbly-Plank;Tragosso;;;;Rutherfordium  ;;;;;;;;;;;;;;;;;;;;;;;;
;;;;;;;;;;;Aunt Muriel;Knogga;;;;Dubnium  ;;;;;;;;;;;;;;;;;;;;;;;;
;;;;;;;;;;;Yaxley;Kicklee;;;;Seaborgium  ;;;;;;;;;;;;;;;;;;;;;;;;
;;;;;;;;;;;Arabella Figg;Nockchan;;;;Bohrium  ;;;;;;;;;;;;;;;;;;;;;;;;
;;;;;;;;;;;Regulus Black;Schlurp;;;;Hassium  ;;;;;;;;;;;;;;;;;;;;;;;;
;;;;;;;;;;;Rolanda Hooch;Smogon;;;;Meitnerium  ;;;;;;;;;;;;;;;;;;;;;;;;
;;;;;;;;;;;Mr. Borgin;Smogmog;;;;Darmstadtium  ;;;;;;;;;;;;;;;;;;;;;;;;
;;;;;;;;;;;Justin Finch-Fletchley;Rihorn;;;;Roentgenium  ;;;;;;;;;;;;;;;;;;;;;;;;
;;;;;;;;;;;Ariana Dumbledore;Rizeros;;;;Copernicium  ;;;;;;;;;;;;;;;;;;;;;;;;
;;;;;;;;;;;Madam Rosmerta;Chaneira;;;;Nihonium  ;;;;;;;;;;;;;;;;;;;;;;;;
;;;;;;;;;;;Gregorovitch;Tangela;;;;Flerovium  ;;;;;;;;;;;;;;;;;;;;;;;;
;;;;;;;;;;;Aragog;Kangama;;;;Moscovium  ;;;;;;;;;;;;;;;;;;;;;;;;
;;;;;;;;;;;Marietta Edgecombe;Seeper;;;;Livermorium  ;;;;;;;;;;;;;;;;;;;;;;;;
;;;;;;;;;;;Cuthbert Binns;Seemon;;;;Tenness  ;;;;;;;;;;;;;;;;;;;;;;;;
;;;;;;;;;;;Zacharias Smith;Goldini;;;;Oganesson  ;;;;;;;;;;;;;;;;;;;;;;;;
;;;;;;;;;;;Blaise Zabini;Golking;;;;;;;;;;;;;;;;;;;;;;;;;;;;
;;;;;;;;;;;Bertha Jorkins;Sterndu;;;;;;;;;;;;;;;;;;;;;;;;;;;;
;;;;;;;;;;;Travers;Starmie;;;;;;;;;;;;;;;;;;;;;;;;;;;;
;;;;;;;;;;;Marcus Flint;Pantimos;;;;;;;;;;;;;;;;;;;;;;;;;;;;
;;;;;;;;;;;Ted Tonks;Sichlor;;;;;;;;;;;;;;;;;;;;;;;;;;;;
;;;;;;;;;;;Barty Crouch Jr.;Rossana;;;;;;;;;;;;;;;;;;;;;;;;;;;;
;;;;;;;;;;;Norbert;Elektek;;;;;;;;;;;;;;;;;;;;;;;;;;;;
;;;;;;;;;;;Amelia Bones;Magmar;;;;;;;;;;;;;;;;;;;;;;;;;;;;
;;;;;;;;;;;Ernie Prang;Pinsir;;;;;;;;;;;;;;;;;;;;;;;;;;;;
;;;;;;;;;;;Antonin Dolohov;Tauros;;;;;;;;;;;;;;;;;;;;;;;;;;;;
;;;;;;;;;;;Montague;Karpador;;;;;;;;;;;;;;;;;;;;;;;;;;;;
;;;;;;;;;;;Merope Gaunt;Garados;;;;;;;;;;;;;;;;;;;;;;;;;;;;
;;;;;;;;;;;Nicolas Flamel;Lapras;;;;;;;;;;;;;;;;;;;;;;;;;;;;
;;;;;;;;;;;Mary Cattermole;Ditto;;;;;;;;;;;;;;;;;;;;;;;;;;;;
;;;;;;;;;;;Roger Davies;Evoli;;;;;;;;;;;;;;;;;;;;;;;;;;;;
;;;;;;;;;;;Bane;Aquana;;;;;;;;;;;;;;;;;;;;;;;;;;;;
;;;;;;;;;;;Nagini;Blitza;;;;;;;;;;;;;;;;;;;;;;;;;;;;
;;;;;;;;;;;Rowena Ravenclaw;Flamara;;;;;;;;;;;;;;;;;;;;;;;;;;;;
;;;;;;;;;;;Fluffy;Porygon;;;;;;;;;;;;;;;;;;;;;;;;;;;;
;;;;;;;;;;;Dedalus Diggle;Amonitas;;;;;;;;;;;;;;;;;;;;;;;;;;;;
;;;;;;;;;;;Hepzibah Smith;Amoroso;;;;;;;;;;;;;;;;;;;;;;;;;;;;
;;;;;;;;;;;Walden Macnair;Kabuto;;;;;;;;;;;;;;;;;;;;;;;;;;;;
;;;;;;;;;;;Albus Severus Potter;Kabutos;;;;;;;;;;;;;;;;;;;;;;;;;;;;
;;;;;;;;;;;Errol;Aerodactyl;;;;;;;;;;;;;;;;;;;;;;;;;;;;
;;;;;;;;;;;Broderick Bode;Relaxo;;;;;;;;;;;;;;;;;;;;;;;;;;;;
;;;;;;;;;;;Michael Corner;Arktos;;;;;;;;;;;;;;;;;;;;;;;;;;;;
;;;;;;;;;;;Hannah Abbott;Zapdos;;;;;;;;;;;;;;;;;;;;;;;;;;;;
;;;;;;;;;;;Madam Malkin;Lavados;;;;;;;;;;;;;;;;;;;;;;;;;;;;
;;;;;;;;;;;Augustus Rookwood;Dratini;;;;;;;;;;;;;;;;;;;;;;;;;;;;
;;;;;;;;;;;Tom;Dragonir;;;;;;;;;;;;;;;;;;;;;;;;;;;;
;;;;;;;;;;;Bloody Baron;Dragoran;;;;;;;;;;;;;;;;;;;;;;;;;;;;
;;;;;;;;;;;Sturgis Podmore;Mewtu;;;;;;;;;;;;;;;;;;;;;;;;;;;;
;;;;;;;;;;;Reg Cattermole;Mew;;;;;;;;;;;;;;;;;;;;;;;;;;;;
;;;;;;;;;;;Dirk Cresswell;;;;;;;;;;;;;;;;;;;;;;;;;;;;;
;;;;;;;;;;;Padma Patil;;;;;;;;;;;;;;;;;;;;;;;;;;;;;
;;;;;;;;;;;Amycus Carrow;;;;;;;;;;;;;;;;;;;;;;;;;;;;;
;;;;;;;;;;;Sir Cadogan;;;;;;;;;;;;;;;;;;;;;;;;;;;;;
;;;;;;;;;;;Ronan;;;;;;;;;;;;;;;;;;;;;;;;;;;;;
;;;;;;;;;;;Warrington;;;;;;;;;;;;;;;;;;;;;;;;;;;;;
;;;;;;;;;;;Kendra Dumbledore;;;;;;;;;;;;;;;;;;;;;;;;;;;;;
;;;;;;;;;;;Mrs. Cole;;;;;;;;;;;;;;;;;;;;;;;;;;;;;
;;;;;;;;;;;Armando Dippet;;;;;;;;;;;;;;;;;;;;;;;;;;;;;
;;;;;;;;;;;Mr. Roberts;;;;;;;;;;;;;;;;;;;;;;;;;;;;;
;;;;;;;;;;;Leanne;;;;;;;;;;;;;;;;;;;;;;;;;;;;;
;;;;;;;;;;;Pius Thicknesse;;;;;;;;;;;;;;;;;;;;;;;;;;;;;
;;;;;;;;;;;Hokey;;;;;;;;;;;;;;;;;;;;;;;;;;;;;
;;;;;;;;;;;Irma Pince;;;;;;;;;;;;;;;;;;;;;;;;;;;;;
;;;;;;;;;;;Albert Runcorn;;;;;;;;;;;;;;;;;;;;;;;;;;;;;
;;;;;;;;;;;Dawlish;;;;;;;;;;;;;;;;;;;;;;;;;;;;;
;;;;;;;;;;;Griselda Marchbanks;;;;;;;;;;;;;;;;;;;;;;;;;;;;;
;;;;;;;;;;;Trevor;;;;;;;;;;;;;;;;;;;;;;;;;;;;;
;;;;;;;;;;;Tom Riddle Sr.;;;;;;;;;;;;;;;;;;;;;;;;;;;;;
;;;;;;;;;;;Romilda Vane;;;;;;;;;;;;;;;;;;;;;;;;;;;;;
;;;;;;;;;;;Magorian;;;;;;;;;;;;;;;;;;;;;;;;;;;;;
;;;;;;;;;;;Dennis Creevey;;;;;;;;;;;;;;;;;;;;;;;;;;;;;
;;;;;;;;;;;Millicent Bulstrode;;;;;;;;;;;;;;;;;;;;;;;;;;;;;
;;;;;;;;;;;Beedle the Bard;;;;;;;;;;;;;;;;;;;;;;;;;;;;;
;;;;;;;;;;;Scabior;;;;;;;;;;;;;;;;;;;;;;;;;;;;;
;;;;;;;;;;;Aidan Lynch;;;;;;;;;;;;;;;;;;;;;;;;;;;;;
;;;;;;;;;;;Moran;;;;;;;;;;;;;;;;;;;;;;;;;;;;;
;;;;;;;;;;;Piers Polkiss;;;;;;;;;;;;;;;;;;;;;;;;;;;;;
;;;;;;;;;;;Demelza Robins;;;;;;;;;;;;;;;;;;;;;;;;;;;;;
;;;;;;;;;;;Hestia Jones;;;;;;;;;;;;;;;;;;;;;;;;;;;;;
;;;;;;;;;;;Mafalda Hopkirk;;;;;;;;;;;;;;;;;;;;;;;;;;;;;
;;;;;;;;;;;Alecto Carrow;;;;;;;;;;;;;;;;;;;;;;;;;;;;;
;;;;;;;;;;;Mrs. Black;;;;;;;;;;;;;;;;;;;;;;;;;;;;;
;;;;;;;;;;;Gabrielle Delacour;;;;;;;;;;;;;;;;;;;;;;;;;;;;;
;;;;;;;;;;;Bogrod;;;;;;;;;;;;;;;;;;;;;;;;;;;;;
;;;;;;;;;;;Marcus Belby;;;;;;;;;;;;;;;;;;;;;;;;;;;;;
;;;;;;;;;;;Terry Boot;;;;;;;;;;;;;;;;;;;;;;;;;;;;;
;;;;;;;;;;;Helga Hufflepuff;;;;;;;;;;;;;;;;;;;;;;;;;;;;;
;;;;;;;;;;;James Sirius Potter;;;;;;;;;;;;;;;;;;;;;;;;;;;;;
;;;;;;;;;;;Hassan Mostafa;;;;;;;;;;;;;;;;;;;;;;;;;;;;;
;;;;;;;;;;;Adrian Pucey;;;;;;;;;;;;;;;;;;;;;;;;;;;;;
;;;;;;;;;;;Karkus;;;;;;;;;;;;;;;;;;;;;;;;;;;;;
;;;;;;;;;;;Professor Tofty;;;;;;;;;;;;;;;;;;;;;;;;;;;;;
;;;;;;;;;;;Wilkie Twycross;;;;;;;;;;;;;;;;;;;;;;;;;;;;;
;;;;;;;;;;;Caractacus Burke;;;;;;;;;;;;;;;;;;;;;;;;;;;;;
;;;;;;;;;;;Jimmy Peakes;;;;;;;;;;;;;;;;;;;;;;;;;;;;;
;;;;;;;;;;;Avery;;;;;;;;;;;;;;;;;;;;;;;;;;;;;
;;;;;;;;;;;Troy;;;;;;;;;;;;;;;;;;;;;;;;;;;;;
;;;;;;;;;;;Augusta Longbottom;;;;;;;;;;;;;;;;;;;;;;;;;;;;;
